Date,Buy_cash,Buy_transfer,Sell
2020-04-01,25297.47,25553.0,26506.55
2020-04-02,25297.47,25553.0,26506.55
2020-04-03,24742.47,24992.39,25936.23
2020-04-04,24742.47,24992.39,25936.23
2020-04-05,24742.47,24992.39,25936.23
2020-04-06,24832.02,25082.85,26018.95
2020-04-07,24854.44,25105.49,26121.77
2020-04-08,24920.32,25172.04,26190.96
2020-04-09,24879.36,25130.67,26147.94
2020-04-10,24987.07,25239.46,26261.2
2020-04-11,24987.07,25239.46,26261.2
2020-04-12,24987.07,25239.46,26261.2
2020-04-13,24965.75,25217.93,26238.79
2020-04-14,24980.2,25232.53,26253.96
2020-04-15,25025.16,25277.94,26301.22
2020-04-16,24863.58,25114.73,26131.39
2020-04-17,24738.85,24988.74,25989.23
2020-04-18,24738.85,24988.74,25989.23
2020-04-19,24738.85,24988.74,25989.23
2020-04-20,24825.55,25076.31,26091.42
2020-04-21,24763.83,25013.97,26026.56
2020-04-22,24826.14,25076.91,26092.03
2020-04-23,24790.07,25040.47,26054.09
2020-04-24,24627.5,24876.26,26034.9
2020-04-25,24627.5,24876.26,26034.9
2020-04-26,24627.5,24876.26,26034.9
2020-04-27,24820.13,25070.84,26085.72
2020-04-28,24743.26,24993.19,25993.86
2020-04-29,24761.81,25011.93,26024.47
2020-04-30,24761.81,25011.93,26024.47
2020-05-01,24761.81,25011.93,26024.47
2020-05-02,24761.81,25011.93,26024.47
2020-05-03,24761.81,25011.93,26024.47
2020-05-04,24957.39,25209.48,26230.0
2020-05-05,24896.5,25147.98,26166.02
2020-05-06,24711.6,24961.21,25971.69
2020-05-07,24615.21,24863.85,25870.41
2020-05-08,24673.3,24922.53,25931.5
2020-05-09,24673.3,24922.53,25931.5
2020-05-10,24673.3,24922.53,25931.5
2020-05-11,24664.35,24913.48,25922.11
2020-05-12,24613.5,24862.12,25868.66
2020-05-13,24714.29,24963.93,25974.58
2020-05-14,24626.92,24875.68,25882.74
2020-05-15,24614.1,24862.73,25869.28
2020-05-16,24614.1,24862.73,25869.28
2020-05-17,24614.1,24862.73,25869.28
2020-05-18,24611.22,24859.82,25866.27
2020-05-19,24820.23,25070.94,26085.99
2020-05-20,24814.09,25064.74,26079.56
2020-05-21,24886.68,25138.06,26155.84
2020-05-22,24744.62,24994.57,26006.53
2020-05-23,24744.62,24994.57,26006.53
2020-05-24,24744.62,24994.57,26006.53
2020-05-25,24732.55,24982.37,25993.82
2020-05-26,24801.52,25052.04,26066.29
2020-05-27,24933.36,25185.21,26204.85
2020-05-28,25018.71,25271.42,26294.58
2020-05-29,25156.07,25410.17,26438.96
2020-05-30,25156.07,25410.17,26438.96
2020-05-31,25156.07,25410.17,26438.96
2020-06-01,25241.0,25495.96,26528.25
2020-06-02,25227.4,25482.22,26513.95
2020-06-03,25397.44,25653.98,26692.66
2020-06-04,25435.98,25692.91,26733.17
2020-06-05,25737.78,25997.76,27050.38
2020-06-06,25737.78,25997.76,27050.38
2020-06-07,25737.78,25997.76,27050.38
2020-06-08,25591.1,25849.6,26896.23
2020-06-09,25452.08,25709.17,26750.16
2020-06-10,25660.04,25919.23,26968.72
2020-06-11,25683.94,25943.37,26993.8
2020-06-12,25557.14,25815.29,26860.53
2020-06-13,25557.14,25815.29,26860.53
2020-06-14,25557.14,25815.29,26860.53
2020-06-15,25482.41,25739.81,26782.0
2020-06-16,25633.66,25892.59,26940.99
2020-06-17,25483.41,25740.82,26783.08
2020-06-18,25422.36,25679.15,26718.91
2020-06-19,25362.8,25618.99,26656.29
2020-06-20,25362.8,25618.99,26656.29
2020-06-21,25362.8,25618.99,26656.29
2020-06-22,25303.95,25559.55,26594.45
2020-06-23,25492.13,25749.63,26792.24
2020-06-24,25618.56,25877.33,26925.09
2020-06-25,25413.31,25670.01,26709.4
2020-06-26,25392.59,25649.08,26687.62
2020-06-27,25392.59,25649.08,26687.62
2020-06-28,25392.59,25649.08,26687.62
2020-06-29,25459.5,25716.67,26757.94
2020-06-30,25358.66,25614.81,26651.95
2020-07-01,25383.91,25640.31,26678.5
2020-07-02,25438.18,25695.13,26735.54
2020-07-03,25413.31,25670.01,26709.4
2020-07-04,25413.31,25670.01,26709.4
2020-07-05,25413.31,25670.01,26709.4
2020-07-06,25519.89,25777.67,26821.43
2020-07-07,25599.0,25857.58,26904.58
2020-07-08,25490.19,25747.67,26790.21
2020-07-09,25671.33,25930.64,26980.6
2020-07-10,25459.18,25716.34,26757.62
2020-07-11,25459.18,25716.34,26757.62
2020-07-12,25459.18,25716.34,26757.62
2020-07-13,25554.07,25812.19,26857.36
2020-07-14,25628.63,25887.51,26935.72
2020-07-15,25786.79,26047.26,27101.95
2020-07-16,25777.57,26037.95,27092.25
2020-07-17,25779.84,26040.24,27094.63
2020-07-18,25779.84,26040.24,27094.63
2020-07-19,25779.84,26040.24,27094.63
2020-07-20,25804.7,26065.35,27120.76
2020-07-21,25890.6,26152.12,27211.04
2020-07-22,26069.21,26332.54,27398.78
2020-07-23,26127.96,26391.88,27460.52
2020-07-24,26238.67,26503.71,27576.88
2020-07-25,26238.67,26503.71,27576.88
2020-07-26,26238.67,26503.71,27576.88
2020-07-27,26410.39,26677.16,27757.35
2020-07-28,26591.14,26859.74,27947.33
2020-07-29,26478.17,26745.63,27828.59
2020-07-30,26609.22,26878.0,27966.32
2020-07-31,26810.31,27081.12,28177.67
2020-08-01,26810.31,27081.12,28177.67
2020-08-02,26810.31,27081.12,28177.67
2020-08-03,26550.47,26818.66,27904.58
2020-08-04,26552.73,26820.94,27906.96
2020-08-05,26681.52,26951.03,28042.31
2020-08-06,26844.2,27115.35,28213.29
2020-08-07,26832.9,27103.94,28201.41
2020-08-08,26832.9,27103.94,28201.41
2020-08-09,26832.9,27103.94,28201.41
2020-08-10,26643.11,26912.23,28001.94
2020-08-11,26482.69,26750.19,27833.34
2020-08-12,26498.51,26766.17,27849.97
2020-08-13,26706.38,26976.14,28068.43
2020-08-14,26688.3,26957.88,28049.44
2020-08-15,26688.3,26957.88,28049.44
2020-08-16,26688.3,26957.88,28049.44
2020-08-17,26762.86,27033.19,28127.8
2020-08-18,26869.06,27140.46,28239.41
2020-08-19,26988.81,27261.42,28365.27
2020-08-20,26753.82,27024.06,28118.3
2020-08-21,26821.6,27092.53,28189.54
2020-08-22,26821.6,27092.53,28189.54
2020-08-23,26821.6,27092.53,28189.54
2020-08-24,26645.37,26914.52,28004.32
2020-08-25,26647.63,26916.8,28006.69
2020-08-26,26724.45,26994.39,28087.43
2020-08-27,26724.45,26994.39,28087.43
2020-08-28,26695.07,26964.72,28056.56
2020-08-29,26695.07,26964.72,28056.56
2020-08-30,26695.07,26964.72,28056.56
2020-08-31,26891.65,27163.28,28263.16
2020-09-01,26972.99,27245.44,28348.64
2020-09-02,26972.99,27245.44,28348.64
2020-09-03,26735.75,27005.81,28099.3
2020-09-04,26778.68,27049.17,28144.42
2020-09-05,26778.68,27049.17,28144.42
2020-09-06,26778.68,27049.17,28144.42
2020-09-07,26740.27,27010.37,28104.05
2020-09-08,26670.22,26939.62,28030.44
2020-09-09,26600.18,26868.87,27956.83
2020-09-10,26683.78,26953.31,28044.69
2020-09-11,26738.01,27008.09,28101.68
2020-09-12,26738.01,27008.09,28101.68
2020-09-13,26738.01,27008.09,28101.68
2020-09-14,26756.09,27026.35,28120.68
2020-09-15,26812.57,27083.4,28180.04
2020-09-16,26738.01,27008.09,28101.68
2020-09-17,26627.3,26896.26,27985.32
2020-09-18,26789.97,27060.58,28156.3
2020-09-19,26789.97,27060.58,28156.3
2020-09-20,26789.97,27060.58,28156.3
2020-09-21,26792.23,27062.86,28158.67
2020-09-22,26627.3,26896.26,27985.32
2020-09-23,26401.45,26668.13,27747.94
2020-09-24,26383.36,26649.86,27728.94
2020-09-25,26351.72,26617.9,27695.68
2020-09-26,26351.72,26617.9,27695.68
2020-09-27,26351.72,26617.9,27695.68
2020-09-28,26256.78,26522.0,27595.9
2020-09-29,26390.14,26656.71,27736.06
2020-09-30,26453.31,26720.52,27802.47
2020-10-01,26543.85,26811.97,27897.61
2020-10-02,26523.51,26791.42,27876.23
2020-10-03,26523.51,26791.42,27876.23
2020-10-04,26523.51,26791.42,27876.23
2020-10-05,26528.17,26796.13,27881.11
2020-10-06,26654.8,26924.04,28014.21
2020-10-07,26580.17,26848.66,27935.78
2020-10-08,26604.88,26873.62,27961.75
2020-10-09,26611.48,26880.28,27968.7
2020-10-10,26611.48,26880.28,27968.7
2020-10-11,26611.48,26880.28,27968.7
2020-10-12,26695.08,26964.72,28056.56
2020-10-13,26647.63,26916.8,28006.69
2020-10-14,26545.96,26814.1,27899.83
2020-10-15,26554.99,26823.23,27909.33
2020-10-16,26460.1,26727.37,27809.6
2020-10-17,26460.1,26727.37,27809.6
2020-10-18,26460.1,26727.37,27809.6
2020-10-19,26443.09,26710.19,27791.73
2020-10-20,26606.96,26875.72,27963.95
2020-10-21,26731.23,27001.24,28094.56
2020-10-22,26758.34,27028.63,28123.05
2020-10-23,26658.93,26928.21,28018.57
2020-10-24,26658.93,26928.21,28018.57
2020-10-25,26658.93,26928.21,28018.57
2020-10-26,26753.82,27024.06,28118.3
2020-10-27,26692.82,26962.44,28054.19
2020-10-28,26616.0,26884.85,27973.45
2020-10-29,26554.99,26823.23,27909.33
2020-10-30,26376.5,26642.93,27721.73
2020-10-31,26376.5,26642.93,27721.73
2020-11-01,26376.5,26642.93,27721.73
2020-11-02,26294.0,26559.6,27635.04
2020-11-03,26321.11,26586.98,27663.53
2020-11-04,26441.9,26708.99,27790.48
2020-11-05,26512.06,26779.86,27864.21
2020-11-06,26719.93,26989.83,28082.68
2020-11-07,26719.93,26989.83,28082.68
2020-11-08,26719.93,26989.83,28082.68
2020-11-09,26863.25,27134.6,28233.32
2020-11-10,26690.56,26960.16,28051.81
2020-11-11,26713.15,26982.98,28075.56
2020-11-12,26613.74,26882.56,27971.07
2020-11-13,26674.74,26944.18,28035.19
2020-11-14,26674.74,26944.18,28035.19
2020-11-15,26674.74,26944.18,28035.19
2020-11-16,26751.31,27021.52,28115.67
2020-11-17,26796.48,27067.15,28163.14
2020-11-18,26787.71,27058.3,28153.92
2020-11-19,26738.01,27008.09,28101.68
2020-11-20,26818.08,27088.97,28185.84
2020-11-21,26818.08,27088.97,28185.84
2020-11-22,26818.08,27088.97,28185.84
2020-11-23,26793.65,27064.29,28160.19
2020-11-24,26726.21,26996.18,28089.31
2020-11-25,26852.63,27123.87,28222.17
2020-11-26,26954.57,27226.84,28329.3
2020-11-27,26898.11,27169.81,28269.96
2020-11-28,26898.11,27169.81,28269.96
2020-11-29,26898.11,27169.81,28269.96
2020-11-30,26987.32,27259.92,28363.75
2020-12-01,26935.44,27207.52,28309.23
2020-12-02,27215.13,27490.03,28603.18
2020-12-03,27307.6,27583.44,28700.37
2020-12-04,27372.45,27648.94,28768.54
2020-12-05,27372.45,27648.94,28768.54
2020-12-06,27372.45,27648.94,28768.54
2020-12-07,27340.89,27617.06,28735.36
2020-12-08,27300.31,27576.07,28692.71
2020-12-09,27304.82,27580.62,28697.45
2020-12-10,27239.43,27514.58,28628.73
2020-12-11,27376.96,27653.5,28773.28
2020-12-12,27376.96,27653.5,28773.28
2020-12-13,27376.96,27653.5,28773.28
2020-12-14,27327.36,27603.4,28721.15
2020-12-15,27397.25,27673.99,28794.6
2020-12-16,27388.23,27664.88,28785.12
2020-12-17,27496.45,27774.19,28898.86
2020-12-18,27636.23,27915.39,29045.77
2020-12-19,27636.23,27915.39,29045.77
2020-12-20,27636.23,27915.39,29045.77
2020-12-21,27458.95,27736.31,28859.45
2020-12-22,27570.85,27849.35,28977.06
2020-12-23,27433.33,27710.43,28832.51
2020-12-24,27507.73,27785.58,28910.71
2020-12-25,27442.34,27719.54,28841.99
2020-12-26,27442.34,27719.54,28841.99
2020-12-27,27442.34,27719.54,28841.99
2020-12-28,27569.4,27847.88,28975.53
2020-12-29,27595.65,27874.4,29003.12
2020-12-30,27649.19,27928.47,29059.43
2020-12-31,27654.41,27933.75,29064.91
2021-01-01,27654.41,27933.75,29064.91
2021-01-02,27654.41,27933.75,29064.91
2021-01-03,27654.41,27933.75,29064.91
2021-01-04,27545.66,27823.9,28950.62
2021-01-05,27607.13,27885.99,29015.22
2021-01-06,27667.19,27946.66,29078.35
2021-01-07,27661.96,27941.37,29072.86
2021-01-08,27521.09,27799.08,28924.83
2021-01-09,27521.09,27799.08,28924.83
2021-01-10,27521.09,27799.08,28924.83
2021-01-11,27398.91,27675.67,28796.42
2021-01-12,27335.15,27611.26,28729.39
2021-01-13,27449.83,27727.1,28849.93
2021-01-14,27350.89,27627.16,28745.94
2021-01-15,27332.9,27608.99,28727.03
2021-01-16,27332.9,27608.99,28727.03
2021-01-17,27332.9,27608.99,28727.03
2021-01-18,27153.0,27427.28,28537.96
2021-01-19,27057.68,27330.99,28471.21
2021-01-20,27160.59,27434.94,28579.5
2021-01-21,27091.24,27364.89,28506.52
2021-01-22,27238.09,27513.22,28661.04
2021-01-23,27238.09,27513.22,28661.04
2021-01-24,27238.09,27513.22,28661.04
2021-01-25,27218.76,27493.7,28640.71
2021-01-26,27147.17,27421.38,28565.38
2021-01-27,27214.29,27489.18,28636.0
2021-01-28,27041.47,27314.62,28454.17
2021-01-29,27061.04,27334.38,28474.76
2021-01-30,27061.04,27334.38,28474.76
2021-01-31,27061.04,27334.38,28474.76
2021-02-01,27098.45,27372.17,28514.14
2021-02-02,26974.45,27246.92,28383.69
2021-02-03,26892.37,27164.01,28297.31
2021-02-04,26869.53,27140.94,28273.29
2021-02-05,26661.04,26930.35,28053.93
2021-02-06,26661.04,26930.35,28053.93
2021-02-07,26661.04,26930.35,28053.93
2021-02-08,26802.23,27072.96,28202.53
2021-02-09,26895.01,27166.68,28497.68
2021-02-10,26895.01,27166.68,28497.68
2021-02-11,26895.01,27166.68,28497.68
2021-02-12,26895.01,27166.68,28497.68
2021-02-13,26895.01,27166.68,28497.68
2021-02-14,26895.01,27166.68,28497.68
2021-02-15,26895.01,27166.68,28497.68
2021-02-16,26895.01,27166.68,28497.68
2021-02-17,26933.16,27205.22,28340.27
2021-02-18,26864.02,27135.37,28267.51
2021-02-19,26993.14,27265.8,28403.36
2021-02-20,26993.14,27265.8,28403.36
2021-02-21,26993.14,27265.8,28403.36
2021-02-22,27070.45,27343.89,28484.7
2021-02-23,27162.62,27436.99,28581.67
2021-02-24,27149.22,27423.45,28567.57
2021-02-25,27148.58,27422.81,28566.92
2021-02-26,27121.16,27395.12,28538.08
2021-02-27,27121.16,27395.12,28538.08
2021-02-28,27121.16,27395.12,28538.08
2021-03-01,26983.38,27255.94,28393.09
2021-03-02,26890.14,27161.76,28294.96
2021-03-03,26997.34,27270.04,28407.77
2021-03-04,26920.88,27192.8,28327.31
2021-03-05,26708.34,26978.12,28103.65
2021-03-06,26708.34,26978.12,28103.65
2021-03-07,26708.34,26978.12,28103.65
2021-03-08,26555.85,26824.09,27943.19
2021-03-09,26475.38,26742.8,27858.51
2021-03-10,26544.67,26812.8,27931.43
2021-03-11,26638.56,26907.63,28030.21
2021-03-12,26786.09,27056.66,28185.45
2021-03-13,26786.09,27056.66,28185.45
2021-03-14,26786.09,27056.66,28185.45
2021-03-15,26740.39,27010.49,28137.34
2021-03-16,26703.27,26973.0,28098.28
2021-03-17,26630.36,26899.35,28021.57
2021-03-18,26809.34,27080.14,28209.9
2021-03-19,26637.07,26906.13,28028.63
2021-03-20,26637.07,26906.13,28028.63
2021-03-21,26637.07,26906.13,28028.63
2021-03-22,26610.57,26879.36,28000.74
2021-03-23,26704.58,26974.32,28099.65
2021-03-24,26491.65,26759.24,27875.61
2021-03-25,26452.18,26719.38,27834.05
2021-03-26,26370.08,26636.44,27747.67
2021-03-27,26370.08,26636.44,27747.67
2021-03-28,26370.08,26636.44,27747.67
2021-03-29,26350.7,26616.87,27727.3
2021-03-30,26328.33,26594.27,27703.75
2021-03-31,26239.02,26504.06,27609.78
2021-04-01,26234.36,26499.35,27604.88
2021-04-02,26348.46,26614.61,27724.94
2021-04-03,26348.46,26614.61,27724.94
2021-04-04,26348.46,26614.61,27724.94
2021-04-05,26319.38,26585.23,27694.34
2021-04-06,26449.69,26716.85,27831.43
2021-04-07,26577.32,26845.78,27965.74
2021-04-08,26568.36,26836.73,27956.31
2021-04-09,26601.27,26869.97,27990.96
2021-04-10,26601.27,26869.97,27990.96
2021-04-11,26601.27,26869.97,27990.96
2021-04-12,26587.85,26856.41,27976.84
2021-04-13,26632.6,26901.61,28023.92
2021-04-14,26756.06,27026.32,28153.82
2021-04-15,26818.29,27089.18,28219.32
2021-04-16,26775.78,27046.24,28174.59
2021-04-17,26775.78,27046.24,28174.59
2021-04-18,26775.78,27046.24,28174.59
2021-04-19,26803.96,27074.71,28204.24
2021-04-20,26946.31,27218.49,28354.01
2021-04-21,26946.31,27218.49,28354.01
2021-04-22,26933.76,27205.81,28340.81
2021-04-23,26872.87,27144.31,28276.75
2021-04-24,26872.87,27144.31,28276.75
2021-04-25,26872.87,27144.31,28276.75
2021-04-26,27069.98,27343.41,28484.17
2021-04-27,26996.21,27268.9,28406.55
2021-04-28,27000.68,27273.42,28411.26
2021-04-29,27121.39,27395.34,28538.27
2021-04-30,27121.39,27395.34,28538.27
2021-05-01,27121.39,27395.34,28538.27
2021-05-02,27121.39,27395.34,28538.27
2021-05-03,27121.39,27395.34,28538.27
2021-05-04,26958.73,27231.04,28367.1
2021-05-05,26885.41,27156.98,28289.94
2021-05-06,26833.5,27104.54,28235.33
2021-05-07,26988.32,27260.93,28398.23
2021-05-08,26988.32,27260.93,28398.23
2021-05-09,26988.32,27260.93,28398.23
2021-05-10,27202.49,27477.26,28623.59
2021-05-11,27135.4,27409.49,28553.0
2021-05-12,27135.4,27409.49,28553.0
2021-05-13,27038.68,27311.8,28451.24
2021-05-14,27061.04,27334.38,28474.76
2021-05-15,27061.04,27334.38,28474.76
2021-05-16,27061.04,27334.38,28474.76
2021-05-17,27116.32,27390.22,28532.95
2021-05-18,27306.92,27582.75,28733.5
2021-05-19,27322.57,27598.56,28749.96
2021-05-20,27280.1,27555.66,28705.27
2021-05-21,27324.81,27600.81,28752.31
2021-05-22,27324.81,27600.81,28752.31
2021-05-23,27324.81,27600.81,28752.31
2021-05-24,27269.58,27545.03,28694.19
2021-05-25,27323.25,27599.24,28750.66
2021-05-26,27379.16,27655.71,28809.49
2021-05-27,27251.04,27526.3,28674.69
2021-05-28,27237.63,27512.76,28660.58
2021-05-29,27237.63,27512.76,28660.58
2021-05-30,27237.63,27512.76,28660.58
2021-05-31,27233.95,27509.04,28656.72
2021-06-01,27321.11,27597.08,28748.43
2021-06-02,27314.41,27590.31,28741.38
2021-06-03,27223.57,27498.56,28645.8
2021-06-04,27078.92,27352.44,28493.58
2021-06-05,27078.92,27352.44,28493.58
2021-06-06,27078.92,27352.44,28493.58
2021-06-07,27087.36,27360.97,28502.55
2021-06-08,27131.23,27405.28,28548.72
2021-06-09,27102.28,27376.05,28518.27
2021-06-10,27071.99,27345.45,28486.41
2021-06-11,27101.6,27375.36,28517.56
2021-06-12,27101.6,27375.36,28517.56
2021-06-13,27101.6,27375.36,28517.56
2021-06-14,26928.0,27200.0,28334.89
2021-06-15,27023.71,27296.67,28435.59
2021-06-16,26974.74,27247.21,28384.07
2021-06-17,26685.91,26955.46,28080.14
2021-06-18,26603.47,26872.19,27993.33
2021-06-19,26603.47,26872.19,27993.33
2021-06-20,26603.47,26872.19,27993.33
2021-06-21,26498.95,26766.61,27883.34
2021-06-22,26568.53,26836.9,27956.55
2021-06-23,26650.75,26919.95,28043.08
2021-06-24,26609.74,26878.53,27999.95
2021-06-25,26636.94,26906.0,28028.55
2021-06-26,26636.94,26906.0,28028.55
2021-06-27,26636.94,26906.0,28028.55
2021-06-28,26615.03,26883.87,28005.49
2021-06-29,26603.87,26872.6,27993.75
2021-06-30,26565.92,26834.26,27953.81
2021-07-01,26438.34,26705.39,27819.58
2021-07-02,26413.46,26680.26,27793.41
2021-07-03,26413.46,26680.26,27793.41
2021-07-04,26413.46,26680.26,27793.41
2021-07-05,26453.61,26720.82,27835.66
2021-07-06,26455.84,26723.07,27838.0
2021-07-07,26369.16,26635.52,27746.79
2021-07-08,26311.42,26577.19,27686.02
2021-07-09,26397.85,26664.49,27776.98
2021-07-10,26397.85,26664.49,27776.98
2021-07-11,26397.85,26664.49,27776.98
2021-07-12,26469.92,26737.3,27852.8
2021-07-13,26494.48,26762.1,27878.64
2021-07-14,26407.26,26674.0,27781.34
2021-07-15,26569.07,26837.45,27951.57
2021-07-16,26488.0,26755.56,27866.29
2021-07-17,26488.0,26755.56,27866.29
2021-07-18,26488.0,26755.56,27866.29
2021-07-19,26477.08,26744.52,27854.79
2021-07-20,26432.46,26699.46,27807.84
2021-07-21,26443.69,26710.8,27819.65
2021-07-22,26450.15,26717.33,27826.46
2021-07-23,26402.77,26669.47,27776.62
2021-07-24,26402.77,26669.47,27776.62
2021-07-25,26402.77,26669.47,27776.62
2021-07-26,26387.07,26653.61,27760.11
2021-07-27,26476.79,26744.23,27854.49
2021-07-28,26457.28,26724.52,27833.98
2021-07-29,26513.58,26781.39,27893.24
2021-07-30,26579.96,26848.45,27963.1
2021-07-31,26579.96,26848.45,27963.1
2021-08-01,26579.96,26848.45,27963.1
2021-08-02,26546.41,26814.55,27927.8
2021-08-03,26555.36,26823.59,27937.21
2021-08-04,26523.66,26791.57,27903.87
2021-08-05,26458.81,26726.07,27835.65
2021-08-06,26415.98,26682.81,27790.61
2021-08-07,26415.98,26682.81,27790.61
2021-08-08,26415.98,26682.81,27790.61
2021-08-09,26257.29,26522.52,27623.66
2021-08-10,26198.37,26463.0,27561.7
2021-08-11,26046.14,26309.23,27401.65
2021-08-12,26088.7,26352.22,27446.41
2021-08-13,26127.16,26391.07,27486.86
2021-08-14,26127.16,26391.07,27486.86
2021-08-15,26127.16,26391.07,27486.86
2021-08-16,26256.6,26521.82,27623.02
2021-08-17,26207.62,26472.34,27571.5
2021-08-18,26062.01,26325.27,27418.34
2021-08-19,25993.09,26255.65,27345.83
2021-08-20,25986.7,26249.19,27339.1
2021-08-21,25986.7,26249.19,27339.1
2021-08-22,25986.7,26249.19,27339.1
2021-08-23,26034.66,26297.64,27389.55
2021-08-24,26119.21,26383.04,27478.5
2021-08-25,26077.25,26340.66,27434.39
2021-08-26,26118.76,26382.59,27478.07
2021-08-27,26134.67,26398.66,27494.81
2021-08-28,26134.67,26398.66,27494.81
2021-08-29,26134.67,26398.66,27494.81
2021-08-30,26185.37,26449.87,27548.15
2021-08-31,26251.55,26516.72,27617.79
2021-09-01,26206.74,26471.46,27619.09
2021-09-02,26206.74,26471.46,27619.09
2021-09-03,26206.74,26471.46,27619.09
2021-09-04,26206.74,26471.46,27619.09
2021-09-05,26206.74,26471.46,27619.09
2021-09-06,26331.45,26597.43,27701.85
2021-09-07,26355.38,26621.6,27727.03
2021-09-08,26293.72,26559.32,27662.15
2021-09-09,26255.99,26521.2,27622.46
2021-09-10,26242.68,26507.75,27608.45
2021-09-11,26242.68,26507.75,27608.45
2021-09-12,26242.68,26507.75,27608.45
2021-09-13,26196.07,26460.67,27559.41
2021-09-14,26204.94,26469.64,27568.75
2021-09-15,26211.18,26475.94,27575.32
2021-09-16,26213.4,26478.18,27577.66
2021-09-17,26118.39,26382.21,27477.69
2021-09-18,26118.39,26382.21,27477.69
2021-09-19,26118.39,26382.21,27477.69
2021-09-20,25997.59,26260.19,27350.6
2021-09-21,26029.61,26292.53,27384.29
2021-09-22,26007.08,26269.78,27360.6
2021-09-23,25929.43,26191.35,27278.92
2021-09-24,26044.79,26307.87,27400.28
2021-09-25,26044.79,26307.87,27400.28
2021-09-26,26044.79,26307.87,27400.28
2021-09-27,25993.77,26256.33,27346.6
2021-09-28,25936.39,26198.38,27286.23
2021-09-29,25913.9,26175.66,27262.58
2021-09-30,25740.86,26000.87,27080.53
2021-10-01,25667.65,25926.92,27003.51
2021-10-02,25667.65,25926.92,27003.51
2021-10-03,25667.65,25926.92,27003.51
2021-10-04,25740.86,26000.87,27080.53
2021-10-05,25758.61,26018.8,27099.2
2021-10-06,25720.9,25980.7,27059.53
2021-10-07,25641.03,25900.03,26975.51
2021-10-08,25636.6,25895.55,26970.84
2021-10-09,25636.6,25895.55,26970.84
2021-10-10,25636.6,25895.55,26970.84
2021-10-11,25652.13,25911.24,26987.17
2021-10-12,25609.8,25868.49,26942.66
2021-10-13,25596.66,25855.22,26928.83
2021-10-14,25725.33,25985.19,27064.19
2021-10-15,25712.02,25971.74,27129.36
2021-10-16,25712.02,25971.74,27129.36
2021-10-17,25712.02,25971.74,27129.36
2021-10-18,25696.49,25956.06,27112.98
2021-10-19,25774.14,26034.49,27194.9
2021-10-20,25792.87,26053.41,27214.67
2021-10-21,25848.32,26109.42,27273.18
2021-10-22,25784.0,26044.45,27205.31
2021-10-23,25784.0,26044.45,27205.31
2021-10-24,25784.0,26044.45,27205.31
2021-10-25,25834.04,26094.99,27258.1
2021-10-26,25732.99,25992.92,27151.49
2021-10-27,25732.99,25992.92,27151.49
2021-10-28,25701.94,25961.55,27118.72
2021-10-29,25911.38,26173.11,27339.72
2021-10-30,25911.38,26173.11,27339.72
2021-10-31,25911.38,26173.11,27339.72
2021-11-01,25618.67,25877.45,27030.88
2021-11-02,25711.81,25971.52,27129.15
2021-11-03,25664.82,25924.07,27079.59
2021-11-04,25648.14,25907.21,27062.04
2021-11-05,25537.39,25795.34,26945.19
2021-11-06,25537.39,25795.34,26945.19
2021-11-07,25537.39,25795.34,26945.19
2021-11-08,25521.7,25779.49,26928.65
2021-11-09,25576.92,25835.27,26986.91
2021-11-10,25601.21,25859.81,27012.55
2021-11-11,25328.22,25584.06,26724.52
2021-11-12,25250.96,25506.02,26643.0
2021-11-13,25250.96,25506.02,26643.0
2021-11-14,25250.96,25506.02,26643.0
2021-11-15,25265.37,25520.58,26658.2
2021-11-16,25079.92,25333.25,26462.53
2021-11-17,24982.78,25235.13,26360.03
2021-11-18,24982.78,25235.13,26360.03
2021-11-19,25098.71,25352.23,26482.35
2021-11-20,25098.71,25352.23,26482.35
2021-11-21,25098.71,25352.23,26482.35
2021-11-22,24909.83,25161.45,26283.04
2021-11-23,24837.97,25088.86,26207.22
2021-11-24,24846.72,25097.7,26216.44
2021-11-25,24769.46,25019.66,26134.93
2021-11-26,24776.09,25026.35,26141.92
2021-11-27,24776.09,25026.35,26141.92
2021-11-28,24776.09,25026.35,26141.92
2021-11-29,24942.88,25194.83,26317.89
2021-11-30,25015.79,25268.47,26394.8
2021-12-01,25093.26,25346.73,26476.54
2021-12-02,25062.2,25315.35,26443.75
2021-12-03,25103.64,25357.22,26487.38
2021-12-04,25103.64,25357.22,26487.38
2021-12-05,25103.64,25357.22,26487.38
2021-12-06,25409.8,25666.46,26833.35
2021-12-07,25387.78,25644.22,26810.14
2021-12-08,25248.95,25503.99,26663.78
2021-12-09,25344.85,25600.86,26765.01
2021-12-10,25286.64,25542.06,26703.53
2021-12-11,25286.64,25542.06,26703.53
2021-12-12,25286.64,25542.06,26703.53
2021-12-13,25306.96,25562.58,26725.01
2021-12-14,25239.41,25494.36,26653.64
2021-12-15,25258.92,25514.06,26674.18
2021-12-16,25357.96,25614.11,26778.82
2021-12-17,25354.09,25610.19,26774.81
2021-12-18,25354.09,25610.19,26774.81
2021-12-19,25354.09,25610.19,26774.81
2021-12-20,25108.9,25362.53,26515.96
2021-12-21,25165.22,25419.41,26575.49
2021-12-22,25215.59,25470.29,26628.56
2021-12-23,25351.98,25608.06,26772.6
2021-12-24,25245.71,25500.71,26660.53
2021-12-25,25245.71,25500.71,26660.53
2021-12-26,25245.71,25500.71,26660.53
2021-12-27,25141.71,25395.67,26550.85
2021-12-28,25194.76,25449.25,26606.79
2021-12-29,25163.61,25417.78,26573.89
2021-12-30,25084.13,25337.5,26490.08
2021-12-31,25137.39,25391.31,26546.33
2022-01-01,25137.39,25391.31,26546.33
2022-01-02,25137.39,25391.31,26546.33
2022-01-03,25137.39,25391.31,26546.33
2022-01-04,25088.57,25341.99,26494.77
2022-01-05,25011.08,25263.72,26412.98
2022-01-06,25077.61,25330.92,26483.24
2022-01-07,25013.62,25266.28,26415.76
2022-01-08,25013.62,25266.28,26415.76
2022-01-09,25013.62,25266.28,26415.76
2022-01-10,25033.58,25286.44,26436.9
2022-01-11,25064.52,25317.7,26469.54
2022-01-12,25148.56,25402.59,26558.29
2022-01-13,25303.38,25558.97,26721.78
2022-01-14,25336.66,25592.58,26756.91
2022-01-15,25336.66,25592.58,26756.91
2022-01-16,25336.66,25592.58,26756.91
2022-01-17,25234.88,25489.78,26649.42
2022-01-18,25241.62,25496.59,26656.5
2022-01-19,25086.63,25340.04,26492.89
2022-01-20,25066.68,25319.87,26471.9
2022-01-21,24965.09,25217.26,26364.7
2022-01-22,24965.09,25217.26,26364.7
2022-01-23,24965.09,25217.26,26364.7
2022-01-24,25000.44,25252.97,26401.93
2022-01-25,24914.39,25166.05,26311.12
2022-01-26,24918.81,25170.51,26315.8
2022-01-27,24775.43,25025.68,26164.36
2022-01-28,24449.39,24696.35,26003.22
2022-01-29,24449.39,24696.35,26003.22
2022-01-30,24449.39,24696.35,26003.22
2022-01-31,24449.39,24696.35,26003.22
2022-02-01,24449.39,24696.35,26003.22
2022-02-02,24449.39,24696.35,26003.22
2022-02-03,24449.39,24696.35,26003.22
2022-02-04,24449.39,24696.35,26003.22
2022-02-05,24449.39,24696.35,26003.22
2022-02-06,24449.39,24696.35,26003.22
2022-02-07,25247.82,25502.85,26663.17
2022-02-08,25268.24,25523.48,26684.6
2022-02-09,25225.9,25480.71,26639.98
2022-02-10,25232.45,25487.32,26646.92
2022-02-11,25179.47,25433.81,26590.96
2022-02-12,25179.47,25433.81,26590.96
2022-02-13,25179.47,25433.81,26590.96
2022-02-14,25088.83,25342.26,26495.17
2022-02-15,25090.96,25344.4,26497.36
2022-02-16,25157.44,25411.55,26567.54
2022-02-17,25203.95,25458.53,26616.6
2022-02-18,25294.9,25550.4,26712.54
2022-02-19,25294.9,25550.4,26712.54
2022-02-20,25294.9,25550.4,26712.54
2022-02-21,25261.68,25516.85,26677.56
2022-02-22,25130.6,25384.45,26539.12
2022-02-23,25197.13,25451.65,26609.34
2022-02-24,25092.64,25346.1,26498.99
2022-02-25,24845.85,25096.82,26238.36
2022-02-26,24845.85,25096.82,26238.36
2022-02-27,24845.85,25096.82,26238.36
2022-02-28,24866.06,25117.24,26259.73
2022-03-01,24879.4,25130.7,26273.81
2022-03-02,24709.65,24959.24,26094.49
2022-03-03,24729.67,24979.47,26115.64
2022-03-04,24571.68,24819.88,25948.79
2022-03-05,24571.68,24819.88,25948.79
2022-03-06,24571.68,24819.88,25948.79
2022-03-07,24195.07,24439.47,25551.06
2022-03-08,24179.49,24423.73,25534.6
2022-03-09,24293.03,24538.41,25654.5
2022-03-10,24598.38,24846.85,25976.99
2022-03-11,24485.88,24733.22,25858.13
2022-03-12,24485.88,24733.22,25858.13
2022-03-13,24485.88,24733.22,25858.13
2022-03-14,24322.21,24567.89,25685.24
2022-03-15,24422.57,24669.26,25791.23
2022-03-16,24429.72,24676.49,25798.8
2022-03-17,24594.69,24843.12,25973.01
2022-03-18,24666.71,24915.87,26049.11
2022-03-19,24666.71,24915.87,26049.11
2022-03-20,24666.71,24915.87,26049.11
2022-03-21,24617.35,24866.01,25996.96
2022-03-22,24455.58,24702.61,25826.12
2022-03-23,24570.16,24818.35,25947.11
2022-03-24,24520.22,24767.89,25894.37
2022-03-25,24525.99,24773.73,25900.48
2022-03-26,24525.99,24773.73,25900.48
2022-03-27,24525.99,24773.73,25900.48
2022-03-28,24417.7,24664.34,25786.11
2022-03-29,24460.93,24708.01,25831.76
2022-03-30,24746.89,24996.86,26133.78
2022-03-31,24849.84,25100.85,26242.54
2022-04-01,24629.54,24878.32,26009.89
2022-04-02,24629.54,24878.32,26009.89
2022-04-03,24629.54,24878.32,26009.89
2022-04-04,24585.03,24833.36,25962.89
2022-04-05,24427.95,24674.7,25796.95
2022-04-06,24269.75,24514.9,25629.88
2022-04-07,24294.76,24540.16,25656.31
2022-04-08,24198.99,24443.43,25555.18
2022-04-09,24198.99,24443.43,25555.18
2022-04-10,24198.99,24443.43,25555.18
2022-04-11,24198.99,24443.43,25555.18
2022-04-12,24200.95,24445.41,25557.2
2022-04-13,24106.49,24349.99,25457.45
2022-04-14,24346.23,24592.16,25710.59
2022-04-15,24116.43,24360.03,25467.91
2022-04-16,24116.43,24360.03,25467.91
2022-04-17,24116.43,24360.03,25467.91
2022-04-18,24103.21,24346.68,25453.92
2022-04-19,24154.27,24398.25,25507.76
2022-04-20,24178.23,24422.45,25533.04
2022-04-21,24242.31,24487.18,25600.72
2022-04-22,24161.12,24405.17,25514.96
2022-04-23,24161.12,24405.17,25514.96
2022-04-24,24161.12,24405.17,25514.96
2022-04-25,24140.3,24384.14,25492.96
2022-04-26,24012.68,24255.23,25358.19
2022-04-27,23701.64,23941.05,25029.75
2022-04-28,23565.4,23803.44,24885.91
2022-04-29,23507.92,23745.37,24825.2
2022-04-30,23507.92,23745.37,24825.2
2022-05-01,23507.92,23745.37,24825.2
2022-05-02,23507.92,23745.37,24825.2
2022-05-03,23507.92,23745.37,24825.2
2022-05-04,23552.39,23790.29,24872.13
2022-05-05,23742.05,23981.87,25072.45
2022-05-06,23563.17,23801.18,24883.55
2022-05-07,23563.17,23801.18,24883.55
2022-05-08,23563.17,23801.18,24883.55
2022-05-09,23501.21,23738.6,24818.11
2022-05-10,23614.79,23853.32,24938.09
2022-05-11,23712.15,23951.67,25040.67
2022-05-12,23491.07,23728.35,24807.14
2022-05-13,23347.09,23582.92,24655.1
2022-05-14,23347.09,23582.92,24655.1
2022-05-15,23347.09,23582.92,24655.1
2022-05-16,23412.33,23648.81,24723.99
2022-05-17,23572.36,23810.46,24892.92
2022-05-18,23684.01,23923.25,25010.81
2022-05-19,23675.77,23914.92,25002.05
2022-05-20,23879.54,24120.75,25217.23
2022-05-21,23879.54,24120.75,25217.23
2022-05-22,23879.54,24120.75,25217.23
2022-05-23,23899.86,24141.27,25238.69
2022-05-24,24230.61,24475.36,25587.89
2022-05-25,24210.26,24454.81,25566.4
2022-05-26,24181.73,24425.99,25536.3
2022-05-27,24263.11,24508.19,25622.23
2022-05-28,24263.11,24508.19,25622.23
2022-05-29,24263.11,24508.19,25622.23
2022-05-30,24241.34,24486.21,25599.27
2022-05-31,24282.01,24527.29,25642.21
2022-06-01,24226.94,24471.66,25584.04
2022-06-02,24088.14,24331.46,25437.44
2022-06-03,24315.1,24560.71,25677.13
2022-06-04,24315.1,24560.71,25677.13
2022-06-05,24315.1,24560.71,25677.13
2022-06-06,24222.42,24467.09,25557.23
2022-06-07,24136.72,24380.53,25488.79
2022-06-08,24166.78,24410.89,25520.53
2022-06-09,24150.44,24394.38,25503.3
2022-06-10,24008.22,24250.72,25353.12
2022-06-11,24008.22,24250.72,25353.12
2022-06-12,24008.22,24250.72,25353.12
2022-06-13,23702.53,23941.95,25030.25
2022-06-14,23540.82,23778.61,24859.43
2022-06-15,23598.55,23836.92,24920.41
2022-06-16,23676.62,23915.78,25002.84
2022-06-17,23856.65,24097.62,25192.92
2022-06-18,23856.65,24097.62,25192.92
2022-06-19,23856.65,24097.62,25192.92
2022-06-20,23750.22,23990.13,25080.54
2022-06-21,23824.95,24065.6,25159.45
2022-06-22,23757.6,23997.58,25088.32
2022-06-23,23941.68,24183.51,25282.7
2022-06-24,23828.41,24069.1,25163.09
2022-06-25,23828.41,24069.1,25163.09
2022-06-26,23828.41,24069.1,25163.09
2022-06-27,23932.61,24174.36,25273.13
2022-06-28,23955.27,24197.24,25297.05
2022-06-29,23788.72,24029.01,25121.19
2022-06-30,23704.39,23943.82,25032.07
2022-07-01,23737.79,23977.57,25045.79
2022-07-02,23737.79,23977.57,25045.79
2022-07-03,23737.79,23977.57,25045.79
2022-07-04,23721.81,23961.42,25050.37
2022-07-05,23733.06,23972.79,25062.21
2022-07-06,23349.93,23585.79,24657.6
2022-07-07,23177.95,23412.07,24476.02
2022-07-08,23156.03,23389.92,24452.84
2022-07-09,23156.03,23389.92,24452.84
2022-07-10,23156.03,23389.92,24452.84
2022-07-11,23100.6,23333.94,24394.34
2022-07-12,22834.17,23064.82,24112.93
2022-07-13,22855.34,23086.21,24135.27
2022-07-14,22819.85,23050.35,24097.76
2022-07-15,22915.66,23147.13,24198.88
2022-07-16,22915.66,23147.13,24198.88
2022-07-17,22915.66,23147.13,24198.88
2022-07-18,23041.97,23274.72,24332.24
2022-07-19,23175.25,23409.34,24473.02
2022-07-20,23370.72,23606.79,24679.45
2022-07-21,23245.22,23480.02,24546.92
2022-07-22,23171.42,23405.47,24469.01
2022-07-23,23171.42,23405.47,24469.01
2022-07-24,23171.42,23405.47,24469.01
2022-07-25,23258.71,23493.65,24561.23
2022-07-26,23267.12,23502.14,24570.16
2022-07-27,23061.21,23294.15,24352.69
2022-07-28,23191.81,23426.07,24490.6
2022-07-29,23183.94,23418.12,24482.35
2022-07-30,23183.94,23418.12,24482.35
2022-07-31,23183.94,23418.12,24482.35
2022-08-01,23246.2,23481.02,24548.09
2022-08-02,23410.94,23647.41,24722.03
2022-08-03,23217.69,23452.22,24517.91
2022-08-04,23229.91,23464.55,24530.79
2022-08-05,23304.29,23539.69,24609.36
2022-08-06,23304.29,23539.69,24609.36
2022-08-07,23304.29,23539.69,24609.36
2022-08-08,23163.0,23396.97,24460.15
2022-08-09,23217.69,23452.22,24517.91
2022-08-10,23251.88,23486.74,24554.01
2022-08-11,23475.21,23712.34,24789.85
2022-08-12,23498.0,23735.35,24813.92
2022-08-13,23498.0,23735.35,24813.92
2022-08-14,23498.0,23735.35,24813.92
2022-08-15,23389.5,23625.76,24699.32
2022-08-16,23145.55,23379.35,24441.71
2022-08-17,23186.99,23421.2,24485.46
2022-08-18,23143.27,23377.04,24439.3
2022-08-19,22981.75,23213.89,24268.73
2022-08-20,22981.75,23213.89,24268.73
2022-08-21,22981.75,23213.89,24268.73
2022-08-22,22858.61,23089.51,24138.69
2022-08-23,22636.5,22865.16,23904.1
2022-08-24,22748.36,22978.14,24022.15
2022-08-25,22864.15,23095.1,24144.51
2022-08-26,22746.08,22975.84,24019.82
2022-08-27,22746.08,22975.84,24019.82
2022-08-28,22746.08,22975.84,24019.82
2022-08-29,22644.54,22873.27,23912.62
2022-08-30,22835.11,23065.77,24113.83
2022-08-31,22907.8,23139.19,24190.54
2022-09-01,22907.8,23139.19,24190.54
2022-09-02,22907.8,23139.19,24190.54
2022-09-03,22907.8,23139.19,24190.54
2022-09-04,22907.8,23139.19,24190.54
2022-09-05,22715.35,22944.79,23987.17
2022-09-06,22848.37,23079.16,24127.65
2022-09-07,22741.1,22970.81,24014.27
2022-09-08,22916.61,23148.09,24199.72
2022-09-09,23046.24,23279.03,24336.57
2022-09-10,23046.24,23279.03,24336.57
2022-09-11,23046.24,23279.03,24336.57
2022-09-12,23111.48,23344.92,24405.5
2022-09-13,23255.04,23489.94,24557.06
2022-09-14,22986.58,23218.77,24273.51
2022-09-15,22929.65,23161.27,24213.37
2022-09-16,22932.43,23164.07,24216.21
2022-09-17,22932.43,23164.07,24216.21
2022-09-18,22932.43,23164.07,24216.21
2022-09-19,23080.75,23313.89,24372.8
2022-09-20,23154.55,23388.43,24450.73
2022-09-21,22864.62,23095.57,24144.55
2022-09-22,22877.01,23108.09,24157.6
2022-09-23,22549.04,22776.81,23811.27
2022-09-24,22549.04,22776.81,23811.27
2022-09-25,22549.04,22776.81,23811.27
2022-09-26,22394.81,22621.02,23648.37
2022-09-27,22307.03,22532.36,23555.67
2022-09-28,22159.16,22382.99,23399.49
2022-09-29,22377.58,22603.62,23630.04
2022-09-30,22796.83,23027.1,24072.65
2022-10-01,22796.83,23027.1,24072.65
2022-10-02,22796.83,23027.1,24072.65
2022-10-03,22844.14,23074.89,24122.55
2022-10-04,22864.83,23095.79,24144.42
2022-10-05,23178.66,23412.79,24475.84
2022-10-06,23069.13,23302.15,24360.18
2022-10-07,22808.72,23039.11,24085.19
2022-10-08,22808.72,23039.11,24085.19
2022-10-09,22808.72,23039.11,24085.19
2022-10-10,22615.6,22844.04,23881.26
2022-10-11,22628.02,22856.59,23894.29
2022-10-12,22639.82,22868.5,23906.73
2022-10-13,22715.89,22945.34,23986.86
2022-10-14,22939.05,23170.76,24222.46
2022-10-15,22939.05,23170.76,24222.46
2022-10-16,22939.05,23170.76,24222.46
2022-10-17,23053.95,23286.81,24343.43
2022-10-18,23408.12,23644.57,24717.24
2022-10-19,23470.59,23707.66,24783.06
2022-10-20,23317.74,23553.28,24621.61
2022-10-21,23604.4,23842.83,24923.96
2022-10-22,23604.4,23842.83,24923.96
2022-10-23,23604.4,23842.83,24923.96
2022-10-24,23715.17,23954.72,25040.9
2022-10-25,23848.26,24089.15,25181.43
2022-10-26,24251.63,24496.6,25607.19
2022-10-27,24283.55,24528.84,25641.07
2022-10-28,23938.88,24180.69,25277.13
2022-10-29,23938.88,24180.69,25277.13
2022-10-30,23938.88,24180.69,25277.13
2022-10-31,24021.69,24264.34,25364.39
2022-11-01,23934.57,24176.33,25272.41
2022-11-02,23934.53,24176.29,25272.35
2022-11-03,23701.71,23941.12,25001.34
2022-11-04,23638.69,23877.47,24939.88
2022-11-05,23638.69,23877.47,24939.88
2022-11-06,23638.69,23877.47,24939.88
2022-11-07,24077.39,24320.6,25402.74
2022-11-08,24210.67,24455.22,25545.4
2022-11-09,24394.84,24641.25,25739.72
2022-11-10,24251.83,24496.8,25586.78
2022-11-11,24726.01,24975.77,26087.09
2022-11-12,24726.01,24975.77,26087.09
2022-11-13,24726.01,24975.77,26087.09
2022-11-14,24869.44,25120.64,26259.72
2022-11-15,24950.34,25202.37,26334.39
2022-11-16,25053.01,25306.07,26453.45
2022-11-17,25096.96,25350.46,26499.84
2022-11-18,25085.77,25339.16,26487.99
2022-11-19,25085.77,25339.16,26487.99
2022-11-20,25085.77,25339.16,26487.99
2022-11-21,24754.46,25004.5,26138.16
2022-11-22,24791.05,25041.46,26176.78
2022-11-23,24933.98,25185.84,26327.69
2022-11-24,25202.34,25456.91,26611.06
2022-11-25,25158.79,25412.92,26565.16
2022-11-26,25158.79,25412.92,26565.16
2022-11-27,25158.79,25412.92,26565.16
2022-11-28,25236.06,25490.96,26646.75
2022-11-29,24994.17,25246.63,26391.35
2022-11-30,24814.39,25065.04,26212.4
2022-12-01,24910.09,25161.71,26303.05
2022-12-02,24695.61,24945.06,26077.28
2022-12-03,24695.61,24945.06,26077.28
2022-12-04,24695.61,24945.06,26077.28
2022-12-05,24574.89,24823.12,25950.11
2022-12-06,24539.27,24787.14,25912.37
2022-12-07,24307.12,24552.64,25667.44
2022-12-08,24321.78,24567.46,25683.18
2022-12-09,24249.69,24494.64,25607.39
2022-12-10,24249.69,24494.64,25607.39
2022-12-11,24249.69,24494.64,25607.39
2022-12-12,24303.86,24549.35,25664.33
2022-12-13,24258.71,24503.75,25616.83
2022-12-14,24343.58,24589.48,25706.64
2022-12-15,24375.64,24621.86,25740.49
2022-12-16,24440.31,24687.18,25808.64
2022-12-17,24440.31,24687.18,25808.64
2022-12-18,24440.31,24687.18,25808.64
2022-12-19,24567.12,24815.27,25942.36
2022-12-20,24511.58,24759.18,25883.65
2022-12-21,24511.68,24759.28,25883.79
2022-12-22,24530.2,24777.98,25903.38
2022-12-23,24377.13,24623.37,25741.91
2022-12-24,24377.13,24623.37,25741.91
2022-12-25,24377.13,24623.37,25741.91
2022-12-26,24456.49,24703.52,25825.61
2022-12-27,24456.39,24703.43,25825.62
2022-12-28,24450.68,24697.66,25819.57
2022-12-29,24474.9,24722.12,25845.09
2022-12-30,24471.27,24718.46,25841.35
2022-12-31,24471.27,24718.46,25841.35
2023-01-01,24471.27,24718.46,25841.35
2023-01-02,24471.27,24718.46,25841.35
2023-01-03,24200.45,24444.9,25555.44
2023-01-04,24183.31,24427.58,25559.11
2023-01-05,24306.95,24552.47,25667.96
2023-01-06,24047.22,24290.12,25393.74
2023-01-07,24047.22,24290.12,25393.74
2023-01-08,24047.22,24290.12,25393.74
2023-01-09,24404.97,24651.48,25771.54
2023-01-10,24497.37,24744.82,25869.14
2023-01-11,24538.5,24786.36,25912.57
2023-01-12,24586.48,24834.83,25963.24
2023-01-13,24801.25,25051.77,26190.03
2023-01-14,24801.25,25051.77,26190.03
2023-01-15,24801.25,25051.77,26190.03
2023-01-16,24680.16,24929.45,26062.16
2023-01-17,24671.91,24921.12,26053.47
2023-01-18,24598.82,24847.3,25976.29
2023-01-19,24723.57,24973.3,26108.0
2023-01-20,24723.57,24973.3,26108.0
2023-01-21,24723.57,24973.3,26108.0
2023-01-22,24723.57,24973.3,26108.0
2023-01-23,24723.57,24973.3,26108.0
2023-01-24,24723.57,24973.3,26108.0
2023-01-25,24723.57,24973.3,26108.0
2023-01-26,24723.57,24973.3,26108.0
2023-01-27,24857.55,25108.64,26249.47
2023-01-28,24857.55,25108.64,26249.47
2023-01-29,24857.55,25108.64,26249.47
2023-01-30,24814.96,25065.61,26204.51
2023-01-31,24796.68,25047.15,26185.21
2023-02-01,24814.96,25065.61,26204.51
2023-02-02,25185.09,25439.49,26595.37
2023-02-03,24892.64,25144.08,26286.54
2023-02-04,24892.64,25144.08,26286.54
2023-02-05,24892.64,25144.08,26286.54
2023-02-06,24669.21,24918.39,26050.56
2023-02-07,24663.78,24912.91,26055.52
2023-02-08,24662.14,24911.25,26042.87
2023-02-09,24651.41,24900.41,26031.59
2023-02-10,24633.3,24882.12,26012.43
2023-02-11,24633.3,24882.12,26012.43
2023-02-12,24633.3,24882.12,26012.43
2023-02-13,24553.03,24801.04,25927.64
2023-02-14,24670.3,24919.5,26051.47
2023-02-15,24668.21,24917.39,26049.23
2023-02-16,24674.35,24923.59,26055.62
2023-02-17,24669.62,24918.81,26050.37
2023-02-18,24669.62,24918.81,26050.37
2023-02-19,24669.62,24918.81,26050.37
2023-02-20,24730.01,24979.81,26114.28
2023-02-21,24638.69,24887.56,26028.87
2023-02-22,24667.43,24916.59,26048.08
2023-02-23,24616.27,24864.92,26004.93
2023-02-24,24561.86,24809.96,25936.59
2023-02-25,24561.86,24809.96,25936.59
2023-02-26,24561.86,24809.96,25936.59
2023-02-27,24487.36,24734.71,25857.88
2023-02-28,24576.1,24824.35,25962.62
2023-03-01,24447.74,24694.68,25827.03
2023-03-02,24572.29,24820.49,25947.78
2023-03-03,24518.52,24766.18,25890.97
2023-03-04,24518.52,24766.18,25890.97
2023-03-05,24518.52,24766.18,25890.97
2023-03-06,24583.27,24831.58,25959.38
2023-03-07,24594.68,24843.11,25982.52
2023-03-08,24345.19,24591.1,25718.76
2023-03-09,24348.25,24594.2,25711.2
2023-03-10,24402.22,24648.7,25768.25
2023-03-11,24402.22,24648.7,25768.25
2023-03-12,24402.22,24648.7,25768.25
2023-03-13,24499.73,24747.2,25871.46
2023-03-14,24572.32,24820.52,25959.06
2023-03-15,24654.99,24904.03,26035.36
2023-03-16,24339.22,24585.07,25701.89
2023-03-17,24382.87,24629.16,25747.99
2023-03-18,24382.87,24629.16,25747.99
2023-03-19,24382.87,24629.16,25747.99
2023-03-20,24493.15,24740.56,25864.44
2023-03-21,24580.25,24828.53,25967.46
2023-03-22,24665.48,24914.62,26068.68
2023-03-23,25009.87,25262.5,26410.24
2023-03-24,24686.09,24935.45,26068.31
2023-03-25,24686.09,24935.45,26068.31
2023-03-26,24686.09,24935.45,26068.31
2023-03-27,24658.6,24907.68,26039.29
2023-03-28,24749.75,24999.75,26146.69
2023-03-29,24773.52,25023.76,26160.7
2023-03-30,24847.57,25098.56,26238.91
2023-03-31,24864.41,25115.56,26256.71
2023-04-01,24864.41,25115.56,26256.71
2023-04-02,24864.41,25115.56,26256.71
2023-04-03,24794.11,25044.56,26182.44
2023-04-04,24945.16,25197.13,26341.97
2023-04-05,25029.73,25282.55,26431.3
2023-04-06,24908.63,25160.24,26303.43
2023-04-07,24938.33,25190.24,26334.8
2023-04-08,24938.33,25190.24,26334.8
2023-04-09,24938.33,25190.24,26334.8
2023-04-10,24913.2,25164.85,26308.26
2023-04-11,24858.37,25109.46,26250.35
2023-04-12,24961.18,25213.32,26370.15
2023-04-13,25096.69,25350.19,26502.04
2023-04-14,25287.91,25543.34,26703.94
2023-04-15,25287.91,25543.34,26703.94
2023-04-16,25287.91,25543.34,26703.94
2023-04-17,25107.53,25361.14,26524.69
2023-04-18,25028.19,25281.0,26440.82
2023-04-19,25092.25,25345.71,26508.57
2023-04-20,25070.17,25323.4,26473.93
2023-04-21,25097.63,25351.14,26502.94
2023-04-22,25097.63,25351.14,26502.94
2023-04-23,25097.63,25351.14,26502.94
2023-04-24,25105.24,25358.83,26510.99
2023-04-25,25292.83,25548.32,26709.08
2023-04-26,25102.95,25356.52,26508.57
2023-04-27,25257.56,25512.68,26671.87
2023-04-28,25159.27,25413.4,26568.08
2023-04-29,25159.27,25413.4,26568.08
2023-04-30,25159.27,25413.4,26568.08
2023-05-01,25159.27,25413.4,26568.08
2023-05-02,25159.27,25413.4,26568.08
2023-05-03,25159.27,25413.4,26568.08
2023-05-04,25226.22,25481.03,26650.15
2023-05-05,25182.81,25437.18,26592.96
2023-05-06,25182.81,25437.18,26592.96
2023-05-07,25182.81,25437.18,26592.96
2023-05-08,25191.27,25445.73,26601.87
2023-05-09,25115.84,25369.53,26522.22
2023-05-10,25085.39,25338.78,26490.05
2023-05-11,24996.21,25248.7,26395.87
2023-05-12,24961.91,25214.05,26359.65
2023-05-13,24961.91,25214.05,26359.65
2023-05-14,24961.91,25214.05,26359.65
2023-05-15,24837.8,25088.69,26228.64
2023-05-16,24851.51,25102.54,26243.11
2023-05-17,24833.96,25084.81,26224.57
2023-05-18,24707.57,24957.14,26091.11
2023-05-19,24642.19,24891.1,26021.99
2023-05-20,24642.19,24891.1,26021.99
2023-05-21,24642.19,24891.1,26021.99
2023-05-22,24677.17,24926.44,26059.02
2023-05-23,24672.4,24921.62,26053.95
2023-05-24,24667.36,24916.53,26048.57
2023-05-25,24559.45,24807.52,25934.65
2023-05-26,24541.48,24789.38,25915.65
2023-05-27,24541.48,24789.38,25915.65
2023-05-28,24541.48,24789.38,25915.65
2023-05-29,24526.45,24774.19,25899.79
2023-05-30,24466.97,24714.11,25836.98
2023-05-31,24439.12,24685.98,25807.54
2023-06-01,24400.63,24647.1,25766.92
2023-06-02,24613.38,24862.0,25991.59
2023-06-03,24613.38,24862.0,25991.59
2023-06-04,24613.38,24862.0,25991.59
2023-06-05,24501.57,24749.06,25873.48
2023-06-06,24512.73,24760.33,25885.3
2023-06-07,24488.84,24736.21,25860.06
2023-06-08,24502.58,24750.08,25874.56
2023-06-09,24643.12,24892.05,26023.0
2023-06-10,24643.12,24892.05,26023.0
2023-06-11,24643.12,24892.05,26023.0
2023-06-12,24552.59,24800.59,25927.41
2023-06-13,24639.9,24888.78,26019.57
2023-06-14,24703.06,24952.58,26086.25
2023-06-15,24775.89,25026.15,26163.1
2023-06-16,25124.36,25378.14,26531.08
2023-06-17,25124.36,25378.14,26531.08
2023-06-18,25124.36,25378.14,26531.08
2023-06-19,25054.88,25307.96,26457.75
2023-06-20,25063.26,25316.42,26466.58
2023-06-21,25022.81,25275.57,26423.89
2023-06-22,25162.54,25416.71,26571.44
2023-06-23,24902.84,25154.39,26297.18
2023-06-24,24902.84,25154.39,26297.18
2023-06-25,24902.84,25154.39,26297.18
2023-06-26,25000.56,25253.09,26400.35
2023-06-27,25004.31,25256.88,26404.3
2023-06-28,25144.94,25398.93,26552.76
2023-06-29,25023.28,25276.04,26424.29
2023-06-30,24927.37,25179.16,26322.97
2023-07-01,24927.37,25179.16,26322.97
2023-07-02,24927.37,25179.16,26322.97
2023-07-03,25093.6,25347.07,26498.38
2023-07-04,25161.47,25415.63,26569.97
2023-07-05,25186.3,25440.7,26596.03
2023-07-06,25058.33,25311.44,26460.98
2023-07-07,25057.65,25310.76,26460.43
2023-07-08,25057.65,25310.76,26460.43
2023-07-09,25057.65,25310.76,26460.43
2023-07-10,25229.56,25484.4,26641.94
2023-07-11,25399.21,25655.77,26821.02
2023-07-12,25430.01,25686.88,26853.56
2023-07-13,25701.1,25960.71,27139.89
2023-07-14,25808.52,26069.22,27253.34
2023-07-15,25808.52,26069.22,27253.34
2023-07-16,25808.52,26069.22,27253.34
2023-07-17,25882.78,26144.23,27331.78
2023-07-18,25955.94,26218.12,27409.0
2023-07-19,25849.12,26110.22,27296.21
2023-07-20,25840.77,26101.79,27287.39
2023-07-21,25639.72,25898.7,27075.06
2023-07-22,25639.72,25898.7,27075.06
2023-07-23,25639.72,25898.7,27075.06
2023-07-24,25642.84,25901.86,27078.35
2023-07-25,25491.51,25749.0,26918.53
2023-07-26,25450.78,25707.86,26875.52
2023-07-27,25559.94,25818.13,26990.78
2023-07-28,25304.58,25560.18,26721.08
2023-07-29,25304.58,25560.18,26721.08
2023-07-30,25304.58,25560.18,26721.08
2023-07-31,25426.16,25682.99,26849.48
2023-08-01,25316.12,25571.84,26733.27
2023-08-02,25397.47,25654.01,26819.11
2023-08-03,25264.59,25519.79,26678.74
2023-08-04,25297.36,25552.89,26713.41
2023-08-05,25297.36,25552.89,26713.41
2023-08-06,25297.36,25552.89,26713.41
2023-08-07,25357.45,25613.59,26776.86
2023-08-08,25374.36,25630.66,26794.7
2023-08-09,25346.47,25602.49,26765.22
2023-08-10,25371.91,25628.19,26792.09
2023-08-11,25413.54,25670.25,26836.06
2023-08-12,25413.54,25670.25,26836.06
2023-08-13,25413.54,25670.25,26836.06
2023-08-14,25418.03,25674.77,26840.64
2023-08-15,25510.49,25768.18,26949.23
2023-08-16,25485.18,25742.61,26911.29
2023-08-17,25283.04,25538.42,26698.0
2023-08-18,25234.34,25489.24,26646.71
2023-08-19,25234.34,25489.24,26646.71
2023-08-20,25234.34,25489.24,26646.71
2023-08-21,25248.26,25503.29,26661.4
2023-08-22,25469.21,25726.47,26883.23
2023-08-23,25248.92,25503.96,26661.79
2023-08-24,25378.62,25634.97,26798.73
2023-08-25,25191.71,25446.17,26601.35
2023-08-26,25191.71,25446.17,26601.35
2023-08-27,25191.71,25446.17,26601.35
2023-08-28,25363.69,25619.89,26782.76
2023-08-29,25478.49,25735.85,26914.91
2023-08-30,25560.45,25818.64,26990.42
2023-08-31,25609.97,25868.66,27042.86
2023-09-01,25609.97,25868.66,27042.86
2023-09-02,25609.97,25868.66,27042.86
2023-09-03,25609.97,25868.66,27042.86
2023-09-04,25609.97,25868.66,27042.86
2023-09-05,25196.11,25450.62,26616.91
2023-09-06,25143.45,25397.43,26550.27
2023-09-07,25122.36,25376.12,26528.0
2023-09-08,25145.4,25399.4,26552.26
2023-09-09,25145.4,25399.4,26552.26
2023-09-10,25145.4,25399.4,26552.26
2023-09-11,25122.9,25376.67,26528.56
2023-09-12,25213.47,25468.15,26635.18
2023-09-13,25285.74,25541.15,26700.33
2023-09-14,25334.97,25590.88,26752.2
2023-09-15,25152.35,25406.41,26559.29
2023-09-16,25152.35,25406.41,26559.29
2023-09-17,25152.35,25406.41,26559.29
2023-09-18,25304.04,25559.64,26719.28
2023-09-19,25357.64,25613.78,26775.84
2023-09-20,25318.39,25574.13,26734.51
2023-09-21,25186.3,25440.71,26595.08
2023-09-22,25268.44,25523.68,26681.69
2023-09-23,25268.44,25523.68,26681.69
2023-09-24,25268.44,25523.68,26681.69
2023-09-25,25273.63,25528.92,26661.2
2023-09-26,25162.47,25416.64,26543.93
2023-09-27,25069.87,25323.1,26446.24
2023-09-28,24983.52,25235.88,26355.11
2023-09-29,25089.27,25342.7,26466.85
2023-09-30,25089.27,25342.7,26466.85
2023-10-01,25089.27,25342.7,26466.85
2023-10-02,25044.46,25297.43,26419.52
2023-10-03,24859.25,25110.35,26224.03
2023-10-04,24873.21,25124.46,26238.71
2023-10-05,24974.01,25226.28,26345.09
2023-10-06,25016.03,25268.71,26389.42
2023-10-07,25016.03,25268.71,26389.42
2023-10-08,25016.03,25268.71,26389.42
2023-10-09,25013.65,25266.31,26386.92
2023-10-10,25132.46,25386.32,26512.19
2023-10-11,25227.26,25482.08,26612.16
2023-10-12,25291.96,25547.43,26680.4
2023-10-13,25106.59,25360.2,26484.85
2023-10-14,25106.59,25360.2,26484.85
2023-10-15,25106.59,25360.2,26484.85
2023-10-16,25071.96,25325.22,26448.29
2023-10-17,25169.92,25424.16,26551.56
2023-10-18,25276.86,25532.19,26664.33
2023-10-19,25197.07,25451.59,26580.12
2023-10-20,25282.4,25537.78,26670.15
2023-10-21,25282.4,25537.78,26670.15
2023-10-22,25282.4,25537.78,26670.15
2023-10-23,25339.5,25595.45,26730.28
2023-10-24,25495.21,25752.74,26894.6
2023-10-25,25314.99,25570.7,26704.5
2023-10-26,25260.43,25515.59,26646.87
2023-10-27,25272.66,25527.94,26659.83
2023-10-28,25272.66,25527.94,26659.83
2023-10-29,25272.66,25527.94,26659.83
2023-10-30,25260.34,25515.49,26646.83
2023-10-31,25394.71,25651.22,26788.57
2023-11-01,25305.24,25560.84,26694.15
2023-11-02,25374.69,25631.0,26767.42
2023-11-03,25415.43,25672.15,26810.5
2023-11-04,25415.43,25672.15,26810.5
2023-11-05,25415.43,25672.15,26810.5
2023-11-06,25464.87,25722.09,26863.0
2023-11-07,25340.66,25596.62,26731.98
2023-11-08,25361.01,25617.18,26753.38
2023-11-09,25373.37,25629.67,26766.46
2023-11-10,25253.51,25508.59,26640.08
2023-11-11,25253.51,25508.59,26640.08
2023-11-12,25253.51,25508.59,26640.08
2023-11-13,25383.3,25639.7,26776.88
2023-11-14,25413.23,25669.93,26808.46
2023-11-15,25707.07,25966.74,27118.61
2023-11-16,25630.69,25889.59,27038.01
2023-11-17,25645.14,25904.18,27053.32
2023-11-18,25645.14,25904.18,27053.32
2023-11-19,25645.14,25904.18,27053.32
2023-11-20,25719.43,25979.22,27131.82
2023-11-21,25721.97,25981.79,27134.6
2023-11-22,25682.95,25942.37,27093.32
2023-11-23,25720.15,25979.95,27132.49
2023-11-24,25752.03,26012.15,27166.07
2023-11-25,25752.03,26012.15,27166.07
2023-11-26,25752.03,26012.15,27166.07
2023-11-27,25869.56,26130.87,27290.06
2023-11-28,25848.91,26110.01,27268.27
2023-11-29,25946.05,26208.13,27370.81
2023-11-30,25937.58,26199.57,27361.79
2023-12-01,25781.55,26041.97,27197.16
2023-12-02,25781.55,26041.97,27197.16
2023-12-03,25781.55,26041.97,27197.16
2023-12-04,25651.08,25910.18,27059.61
2023-12-05,25618.47,25877.24,27025.16
2023-12-06,25474.81,25732.13,26873.6
2023-12-07,25443.55,25700.56,26840.64
2023-12-08,25455.84,25712.97,26853.68
2023-12-09,25455.84,25712.97,26853.68
2023-12-10,25455.84,25712.97,26853.68
2023-12-11,25402.62,25659.21,26797.51
2023-12-12,25454.05,25711.16,26851.69
2023-12-13,25493.19,25750.7,26893.0
2023-12-14,25768.57,26028.86,27183.52
2023-12-15,25920.9,26182.73,27344.23
2023-12-16,25920.9,26182.73,27344.23
2023-12-17,25920.9,26182.73,27344.23
2023-12-18,25863.17,26124.42,27283.21
2023-12-19,25936.02,26198.0,27359.99
2023-12-20,26011.32,26274.06,27439.44
2023-12-21,25948.47,26210.58,27373.15
2023-12-22,25966.86,26229.15,27392.73
2023-12-23,25966.86,26229.15,27392.73
2023-12-24,25966.86,26229.15,27392.73
2023-12-25,25976.3,26238.69,27402.7
2023-12-26,26101.13,26364.78,27534.25
2023-12-27,26154.52,26418.7,27590.55
2023-12-28,26273.77,26539.16,27716.5
2023-12-29,26106.45,26370.15,27539.95
2023-12-30,26106.45,26370.15,27539.95
2023-12-31,26106.45,26370.15,27539.95
2024-01-01,26106.45,26370.15,27539.95
2024-01-02,26160.1,26424.34,27596.39
2024-01-03,25984.06,26246.52,27410.65
2024-01-04,25985.24,26247.72,27411.89
2024-01-05,25911.66,26173.4,27334.27
2024-01-06,25911.66,26173.4,27334.27
2024-01-07,25911.66,26173.4,27334.27
2024-01-08,25926.53,26188.42,27349.98
2024-01-09,25979.91,26242.33,27406.27
2024-01-10,25966.79,26229.08,27392.37
2024-01-11,26149.78,26413.92,27585.27
2024-01-12,26137.28,26401.3,27572.09
2024-01-13,26137.28,26401.3,27572.09
2024-01-14,26137.28,26401.3,27572.09
2024-01-15,26085.42,26348.91,27517.37
2024-01-16,26054.13,26317.3,27484.21
2024-01-17,25961.19,26223.42,27386.2
2024-01-18,26076.19,26339.59,27507.47
2024-01-19,26010.56,26273.29,27438.25
2024-01-20,26010.56,26273.29,27438.25
2024-01-21,26010.56,26273.29,27438.25
2024-01-22,26062.11,26325.36,27492.65
2024-01-23,26052.79,26315.95,27482.77
2024-01-24,26037.73,26300.74,27466.81
2024-01-25,26064.09,26327.37,27494.63
2024-01-26,25979.71,26242.13,27405.62
2024-01-27,25979.71,26242.13,27405.62
2024-01-28,25979.71,26242.13,27405.62
2024-01-29,25914.89,26176.66,27337.34
2024-01-30,25724.16,25984.0,27136.39
2024-01-31,25742.88,26002.91,27156.09
2024-02-01,25643.81,25902.84,27051.62
2024-02-02,25777.79,26038.17,27193.1
2024-02-03,25777.79,26038.17,27193.1
2024-02-04,25777.79,26038.17,27193.1
2024-02-05,25608.88,25867.55,27014.84
2024-02-06,25510.54,25768.22,26911.12
2024-02-07,25508.9,25766.57,27086.35
2024-02-08,25508.9,25766.57,27086.35
2024-02-09,25508.9,25766.57,27086.35
2024-02-10,25508.9,25766.57,27086.35
2024-02-11,25508.9,25766.57,27086.35
2024-02-12,25508.9,25766.57,27086.35
2024-02-13,25508.9,25766.57,27086.35
2024-02-14,25508.9,25766.57,27086.35
2024-02-15,25542.0,25800.0,26944.16
2024-02-16,25696.41,25955.97,27106.93
2024-02-17,25696.41,25955.97,27106.93
2024-02-18,25696.41,25955.97,27106.93
2024-02-19,25777.15,26037.52,27192.06
2024-02-20,25749.41,26009.5,27162.78
2024-02-21,25830.15,26091.06,27248.0
2024-02-22,25938.48,26200.49,27362.14
2024-02-23,25943.77,26205.83,27367.66
2024-02-24,25943.77,26205.83,27367.66
2024-02-25,25943.77,26205.83,27367.66
2024-02-26,26049.38,26312.51,27478.98
2024-02-27,26045.51,26308.59,27474.97
2024-02-28,25958.16,26220.37,27382.84
2024-02-29,26018.64,26281.45,27446.59
2024-03-01,25964.86,26227.13,27389.87
2024-03-02,25964.86,26227.13,27389.87
2024-03-03,25964.86,26227.13,27389.87
2024-03-04,26073.42,26336.79,27504.34
2024-03-05,26086.4,26349.9,27518.01
2024-03-06,26157.12,26421.34,27592.6
2024-03-07,26225.49,26490.39,27664.69
2024-03-08,26303.12,26568.81,27746.66
2024-03-09,26303.12,26568.81,27746.66
2024-03-10,26303.12,26568.81,27746.66
2024-03-11,26246.03,26511.14,27686.51
2024-03-12,26230.3,26495.25,27669.9
2024-03-13,26244.41,26509.5,27684.75
2024-03-14,26336.19,26602.21,27781.48
2024-03-15,26232.29,26497.26,27671.83
2024-03-16,26232.29,26497.26,27671.83
2024-03-17,26232.29,26497.26,27671.83
2024-03-18,26232.29,26497.26,27671.83
2024-03-19,26153.22,26417.39,27588.37
2024-03-20,26182.53,26447.0,27619.23
2024-03-21,26397.42,26664.06,27845.91
2024-03-22,26112.51,26376.27,27545.37
2024-03-23,26112.51,26376.27,27545.37
2024-03-24,26112.51,26376.27,27545.37
2024-03-25,26093.83,26357.4,27525.7
2024-03-26,26180.11,26444.56,27616.69
2024-03-27,26136.65,26400.66,27570.84
2024-03-28,26018.34,26281.16,27446.04
2024-03-29,26020.03,26282.86,27447.78
2024-03-30,26020.03,26282.86,27447.78
2024-03-31,26020.03,26282.86,27447.78
2024-04-01,26061.11,26324.35,27491.12
2024-04-02,26024.03,26286.9,27451.86
2024-04-03,26197.76,26462.39,27634.98
2024-04-04,26368.73,26635.08,27815.37
2024-04-05,26316.1,26581.92,27759.84
2024-04-06,26316.1,26581.92,27759.84
2024-04-07,26316.1,26581.92,27759.84
2024-04-08,26349.38,26615.54,27794.9
2024-04-09,26411.78,26678.57,27860.74
2024-04-10,26399.62,26666.28,27847.92
2024-04-11,26181.32,26445.78,27617.57
2024-04-12,26001.72,26264.37,27428.1
2024-04-13,26001.72,26264.37,27428.1
2024-04-14,26001.72,26264.37,27428.1
2024-04-15,26099.64,26363.28,27531.18
2024-04-16,26070.32,26333.66,27500.1
2024-04-17,26168.83,26433.16,27603.92
2024-04-18,26168.83,26433.16,27603.92
2024-04-19,26307.4,26573.13,27749.81
2024-04-20,26307.4,26573.13,27749.81
2024-04-21,26307.4,26573.13,27749.81
2024-04-22,26411.95,26678.73,27860.08
2024-04-23,26544.1,26812.22,27999.27
2024-04-24,26449.58,26716.75,27899.85
2024-04-25,26509.78,26777.56,27963.4
2024-04-26,26475.36,26742.79,27949.19
2024-04-27,26475.36,26742.79,27949.19
2024-04-28,26475.36,26742.79,27949.19
2024-04-29,26475.36,26742.79,27949.19
2024-04-30,26475.36,26742.79,27949.19
2024-05-01,26475.36,26742.79,27949.19
2024-05-02,26482.03,26749.52,27934.14
2024-05-03,26579.41,26847.89,28036.75
2024-05-04,26625.3,26894.25,28085.2
2024-05-05,26625.3,26894.25,28085.2
2024-05-06,26616.08,26884.93,28075.52
2024-05-07,26642.63,26911.75,28103.48
2024-05-08,26605.51,26874.25,28064.32
2024-05-09,26614.65,26883.49,28073.91
2024-05-10,26739.75,27009.85,28205.84
2024-05-11,26739.75,27009.85,28205.84
2024-05-12,26739.75,27009.85,28205.84
2024-05-13,26702.56,26972.28,28166.6
2024-05-14,26749.67,27019.87,28216.3
2024-05-15,26829.65,27100.66,28278.43
2024-05-16,26952.0,27224.24,28429.8
2024-05-17,26943.1,27215.25,28420.33
2024-05-18,26943.1,27215.25,28420.33
2024-05-19,26943.1,27215.25,28420.33
2024-05-20,26965.42,27237.79,28431.59
2024-05-21,26928.22,27200.22,28396.83
2024-05-22,26920.44,27192.37,28396.44
2024-05-23,26891.02,27162.65,28365.4
2024-05-24,26809.13,27079.92,28279.0
2024-05-25,26809.13,27079.92,28279.0
2024-05-26,26809.13,27079.92,28279.0
2024-05-27,26917.13,27189.02,28392.91
2024-05-28,26945.94,27218.12,28423.33
2024-05-29,26895.65,27167.32,28370.29
2024-05-30,26771.99,27042.41,28239.84
2024-05-31,26845.74,27116.91,28317.66
2024-06-01,26845.74,27116.91,28317.66
2024-06-02,26845.74,27116.91,28317.66
2024-06-03,26866.05,27137.43,28339.13
2024-06-04,26918.74,27190.65,28394.69
2024-06-05,26948.47,27220.67,28426.05
2024-06-06,26926.17,27198.15,28402.53
2024-06-07,26973.23,27245.69,28452.17
2024-06-08,26973.23,27245.69,28452.17
2024-06-09,26973.23,27245.69,28452.17
2024-06-10,26674.8,26944.25,28137.41
2024-06-11,26653.72,26922.95,28115.14
2024-06-12,26602.26,26870.97,28060.84
2024-06-13,26778.5,27048.99,28246.74
2024-06-14,26563.16,26831.47,28019.58
2024-06-15,26563.16,26831.47,28019.58
2024-06-16,26563.16,26831.47,28019.58
2024-06-17,26543.33,26811.44,27998.66
2024-06-18,26605.84,26874.59,28064.59
2024-06-19,26615.21,26884.05,28074.48
2024-06-20,26637.8,26906.87,28098.31
2024-06-21,26546.33,26814.47,27999.61
2024-06-22,26546.33,26814.47,27999.61
2024-06-23,26546.33,26814.47,27999.61
2024-06-24,26509.13,26776.9,27962.57
2024-06-25,26602.82,26871.53,28061.41
2024-06-26,26504.17,26771.89,27957.34
2024-06-27,26516.43,26784.27,27970.26
2024-06-28,26363.45,26629.75,27808.9
2024-06-29,26363.45,26629.75,27808.9
2024-06-30,26363.45,26629.75,27808.9
2024-07-01,26632.56,26901.58,28092.79
2024-07-02,26608.05,26876.82,28066.92
2024-07-03,26645.24,26914.38,28106.15
2024-07-04,26744.11,27014.25,28210.45
2024-07-05,26803.97,27074.72,28273.6
2024-07-06,26803.97,27074.72,28273.6
2024-07-07,26803.97,27074.72,28273.6
2024-07-08,26802.33,27073.06,28271.9
2024-07-09,26834.45,27105.51,28305.75
2024-07-10,26782.51,27053.04,28251.0
2024-07-11,26832.05,27103.08,28303.25
2024-07-12,26947.38,27219.57,28424.86
2024-07-13,26947.38,27219.57,28424.86
2024-07-14,26947.38,27219.57,28424.86
2024-07-15,26938.18,27210.28,28415.26
2024-07-16,26914.83,27186.69,28390.66
2024-07-17,27006.0,27278.79,28486.9
2024-07-18,26944.41,27216.57,28421.98
2024-07-19,26883.34,27154.89,28357.49
2024-07-20,26883.34,27154.89,28357.49
2024-07-21,26883.34,27154.89,28357.49
2024-07-22,26857.17,27128.46,28329.92
2024-07-23,26885.81,27157.38,28360.1
2024-07-24,26811.37,27082.19,28281.52
2024-07-25,26731.69,27001.7,28197.61
2024-07-26,26754.59,27024.84,28221.75
2024-07-27,26754.59,27024.84,28221.75
2024-07-28,26754.59,27024.84,28221.75
2024-07-29,26677.12,26946.59,28140.06
2024-07-30,26650.02,26919.21,28111.47
2024-07-31,26610.64,26879.44,28070.0
2024-08-01,26623.96,26892.89,28084.09
2024-08-02,26588.83,26857.4,28047.04
2024-08-03,26588.83,26857.4,28047.04
2024-08-04,26588.83,26857.4,28047.04
2024-08-05,26794.83,27065.48,28264.55
2024-08-06,26832.66,27103.7,28304.39
2024-08-07,26771.1,27041.51,28239.4
2024-08-08,26799.24,27069.94,28269.11
2024-08-09,26711.68,26981.49,28176.84
2024-08-10,26711.68,26981.49,28176.84
2024-08-11,26711.68,26981.49,28176.84
2024-08-12,26722.33,26992.25,28188.05
2024-08-13,26750.11,27020.31,28217.34
2024-08-14,26878.57,27150.07,28353.01
2024-08-15,26855.16,27126.42,28328.3
2024-08-16,26815.58,27086.44,28286.51
2024-08-17,26815.58,27086.44,28286.51
2024-08-18,26815.58,27086.44,28286.51
2024-08-19,26884.28,27155.84,28359.11
2024-08-20,26900.09,27171.8,28375.93
2024-08-21,27011.58,27284.42,28493.5
2024-08-22,27089.18,27362.81,28575.32
2024-08-23,27082.83,27356.4,28568.57
2024-08-24,27082.83,27356.4,28568.57
2024-08-25,27082.83,27356.4,28568.57
2024-08-26,27117.36,27391.27,28605.17
2024-08-27,27019.27,27292.19,28501.8
2024-08-28,27038.63,27311.75,28522.18
2024-08-29,26950.2,27222.43,28428.89
2024-08-30,26832.82,27103.86,28327.84
2024-08-31,26832.82,27103.86,28327.84
2024-09-01,26832.82,27103.86,28327.84
2024-09-02,26832.82,27103.86,28327.84
2024-09-03,26832.82,27103.86,28327.84
2024-09-04,26747.53,27017.71,28215.12
2024-09-05,26760.93,27031.24,28229.43
2024-09-06,26648.94,26918.12,28111.57
2024-09-07,26648.94,26918.12,28111.57
2024-09-08,26648.94,26918.12,28111.57
2024-09-09,26570.99,26839.39,28029.22
2024-09-10,26521.77,26789.67,27977.31
2024-09-11,26432.68,26699.67,27883.52
2024-09-12,26380.58,26647.05,27828.52
2024-09-13,26526.61,26794.55,27982.6
2024-09-14,26526.61,26794.55,27982.6
2024-09-15,26526.61,26794.55,27982.6
2024-09-16,26575.6,26844.04,28034.3
2024-09-17,26658.53,26927.81,28121.69
2024-09-18,26729.46,26999.46,28196.46
2024-09-19,26751.8,27022.02,28220.11
2024-09-20,26712.18,26982.0,28178.34
2024-09-21,26712.18,26982.0,28178.34
2024-09-22,26712.18,26982.0,28178.34
2024-09-23,26623.87,26892.8,28085.07
2024-09-24,26711.26,26981.07,28177.31
2024-09-25,26790.12,27060.72,28260.53
2024-09-26,26736.66,27006.73,28204.05
2024-09-27,26762.69,27033.02,28231.58
2024-09-28,26762.69,27033.02,28231.58
2024-09-29,26762.69,27033.02,28231.58
2024-09-30,26712.18,26982.0,28178.34
2024-10-01,26653.74,26922.97,28116.63
2024-10-02,26607.08,26875.84,28067.32
2024-10-03,26604.17,26872.9,28064.07
2024-10-04,26595.63,26864.28,28055.04
2024-10-05,26595.63,26864.28,28055.04
2024-10-06,26595.63,26864.28,28055.04
2024-10-07,26571.32,26839.72,28029.23
2024-10-08,26580.49,26848.98,28038.92
2024-10-09,26565.97,26834.31,28023.6
2024-10-10,26493.84,26761.45,27947.5
2024-10-11,26454.57,26721.79,27906.13
2024-10-12,26454.57,26721.79,27906.13
2024-10-13,26454.57,26721.79,27906.13
2024-10-14,26439.6,26706.67,27890.3
2024-10-15,26493.57,26761.18,27947.04
2024-10-16,26482.51,26750.01,27935.3
2024-10-17,26631.72,26900.73,28092.37
2024-10-18,26579.46,26847.94,28037.26
2024-10-19,26579.46,26847.94,28037.26
2024-10-20,26579.46,26847.94,28037.26
2024-10-21,26694.29,26963.93,28158.23
2024-10-22,26759.46,27029.75,28226.76
2024-10-23,26735.45,27005.51,28201.35
2024-10-24,26710.07,26979.87,28174.6
2024-10-25,26766.87,27037.25,28234.58
2024-10-26,26766.87,27037.25,28234.58
2024-10-27,26766.87,27037.25,28234.58
2024-10-28,26680.35,26949.85,28143.32
2024-10-29,26672.14,26941.55,28134.74
2024-10-30,26725.01,26994.96,28190.55
2024-10-31,26737.61,27007.69,28203.9
2024-11-01,26771.11,27041.53,28239.2
2024-11-02,26771.11,27041.53,28239.2
2024-11-03,26771.11,27041.53,28239.2
2024-11-04,26828.55,27099.54,28299.76
2024-11-05,26866.79,27138.17,28340.01
2024-11-06,26515.86,26783.69,27969.77
2024-11-07,26507.31,26775.06,27960.79
2024-11-08,26564.12,26832.44,28020.85
2024-11-09,26564.12,26832.44,28020.85
2024-11-10,26564.12,26832.44,28020.85
2024-11-11,26394.67,26661.29,27842.1
2024-11-12,26248.79,26513.93,27688.14
2024-11-13,26254.69,26519.89,27694.34
2024-11-14,26090.34,26353.87,27520.92
2024-11-15,26070.92,26334.26,27500.42
2024-11-16,26070.92,26334.26,27500.42
2024-11-17,26070.92,26334.26,27500.42
2024-11-18,26087.86,26351.38,27518.31
2024-11-19,26217.37,26482.19,27654.88
2024-11-20,26241.47,26506.53,27680.33
2024-11-21,26121.19,26385.04,27553.41
2024-11-22,25732.54,25992.46,27143.43
2024-11-23,25732.54,25992.46,27143.43
2024-11-24,25732.54,25992.46,27143.43
2024-11-25,25970.41,26232.74,27394.35
2024-11-26,25878.45,26139.85,27297.36
2024-11-27,25996.32,26258.91,27421.75
2024-11-28,26066.08,26329.37,27495.41
2024-11-29,26096.55,26360.15,27527.52
2024-11-30,26096.55,26360.15,27527.52
2024-12-01,26096.55,26360.15,27527.52
2024-12-02,26024.5,26287.37,27451.54
2024-12-03,25951.79,26213.93,27374.78
2024-12-04,25981.82,26244.27,27406.44
2024-12-05,26016.47,26279.26,27442.98
2024-12-06,26171.98,26436.34,27607.03
2024-12-07,26171.98,26436.34,27607.03
2024-12-08,26171.98,26436.34,27607.03
2024-12-09,26122.5,26386.36,27554.84
2024-12-10,26064.63,26327.9,27493.84
2024-12-11,26027.74,26290.65,27454.93
2024-12-12,25991.38,26253.92,27416.53
2024-12-13,25927.37,26189.27,27349.0
2024-12-14,25927.37,26189.27,27349.0
2024-12-15,25927.37,26189.27,27349.0
2024-12-16,26023.9,26286.76,27450.82
2024-12-17,26041.22,26304.26,27469.09
2024-12-18,26015.01,26277.79,27441.39
2024-12-19,25725.51,25985.37,27135.99
2024-12-20,25703.29,25962.92,27112.54
2024-12-21,25703.29,25962.92,27112.54
2024-12-22,25703.29,25962.92,27112.54
2024-12-23,25864.38,26125.64,27282.47
2024-12-24,25792.47,26053.0,27206.61
2024-12-25,25779.62,26040.02,27193.09
2024-12-26,25747.18,26007.25,27158.89
2024-12-27,25817.03,26077.81,27232.54
2024-12-28,25817.03,26077.81,27232.54
2024-12-29,25817.03,26077.81,27232.54
2024-12-30,25856.94,26118.12,27274.62
2024-12-31,25852.23,26113.36,27291.04
2025-01-01,25852.23,26113.36,27291.04
2025-01-02,25691.31,25950.82,27099.86
2025-01-03,25477.63,25734.98,26874.49
2025-01-04,25477.63,25734.98,26874.49
2025-01-05,25477.63,25734.98,26874.49
2025-01-06,25519.3,25777.08,26918.52
2025-01-07,25674.48,25933.82,27071.62
2025-01-08,25582.98,25841.4,26985.76
2025-01-09,25501.37,25758.96,26899.68
2025-01-10,25464.28,25721.49,26860.55
2025-01-11,25464.28,25721.49,26860.55
2025-01-12,25464.28,25721.49,26860.55
2025-01-13,25298.81,25554.35,26685.95
2025-01-14,25363.09,25619.28,26753.78
2025-01-15,25469.23,25726.49,26865.77
2025-01-16,25437.08,25694.02,26831.85
2025-01-17,25389.39,25645.85,26781.64
2025-01-18,25389.39,25645.85,26781.64
2025-01-19,25389.39,25645.85,26781.64
2025-01-20,25436.11,25693.04,26830.93
2025-01-21,25526.18,25784.02,26926.03
2025-01-22,25523.85,25781.67,26923.82
2025-01-23,25480.5,25737.88,26878.06
2025-01-24,25598.65,25857.22,27067.51
2025-01-25,25598.65,25857.22,27067.51
2025-01-26,25598.65,25857.22,27067.51
2025-01-27,25598.65,25857.22,27067.51
2025-01-28,25598.65,25857.22,27067.51
2025-01-29,25598.65,25857.22,27067.51
2025-01-30,25598.65,25857.22,27067.51
2025-01-31,25598.65,25857.22,27067.51
2025-02-01,25598.65,25857.22,27067.51
2025-02-02,25598.65,25857.22,27067.51
2025-02-03,25268.34,25523.58,26653.97
2025-02-04,25371.41,25627.69,26762.92
2025-02-05,25510.59,25768.27,26909.77
2025-02-06,25580.35,25838.74,26983.17
2025-02-07,25598.15,25856.72,27001.91
2025-02-08,25598.15,25856.72,27001.91
2025-02-09,25598.15,25856.72,27001.91
2025-02-10,25476.64,25733.98,26873.59
2025-02-11,25649.61,25908.7,27055.81
2025-02-12,25846.75,26107.83,27263.69
2025-02-13,25862.62,26123.86,27280.56
2025-02-14,25939.75,26201.77,27362.05
2025-02-15,25939.75,26201.77,27362.05
2025-02-16,25939.75,26201.77,27362.05
2025-02-17,26030.84,26293.78,27458.04
2025-02-18,26012.66,26275.42,27438.76
2025-02-19,25977.85,26240.25,27402.04
2025-02-20,25930.82,26192.75,27352.42
2025-02-21,26009.65,26272.38,27435.62
2025-02-22,26009.65,26272.38,27435.62
2025-02-23,26009.65,26272.38,27435.62
2025-02-24,26121.15,26385.0,27553.25
2025-02-25,26007.43,26270.13,27433.26
2025-02-26,26135.1,26399.09,27567.88
2025-02-27,26083.35,26346.82,27513.26
2025-02-28,25888.91,26150.42,27308.18
2025-03-01,25888.91,26150.42,27308.18
2025-03-02,25888.91,26150.42,27308.18
2025-03-03,25949.59,26211.71,27372.1
2025-03-04,26208.18,26472.9,27644.91
2025-03-05,26561.25,26829.55,28017.46
2025-03-06,26855.71,27126.98,28328.1
2025-03-07,26989.27,27261.89,28468.93
2025-03-08,26989.27,27261.89,28468.93
2025-03-09,26989.27,27261.89,28468.93
2025-03-10,26950.12,27222.35,28427.62
2025-03-11,27051.15,27324.39,28534.27
2025-03-12,27028.12,27301.13,28509.99
2025-03-13,27025.89,27298.88,28507.57
2025-03-14,26960.69,27233.02,28438.75
2025-03-15,26960.69,27233.02,28438.75
2025-03-16,26960.69,27233.02,28438.75
2025-03-17,27075.78,27349.27,28560.13
2025-03-18,27236.82,27511.94,28730.01
2025-03-19,27215.85,27490.76,28707.86
2025-03-20,27174.21,27448.69,28663.92
2025-03-21,27001.07,27273.81,28481.26
2025-03-22,27001.07,27273.81,28481.26
2025-03-23,27001.07,27273.81,28481.26
2025-03-24,27083.86,27357.43,28568.5
2025-03-25,26954.0,27226.26,28431.51
2025-03-26,26895.83,27167.51,28370.26
2025-03-27,26838.53,27109.62,28309.82
2025-03-28,26888.91,27160.52,28362.95
2025-03-29,26888.91,27160.52,28362.95
2025-03-30,26888.91,27160.52,28362.95
2025-03-31,26979.95,27252.47,28459.01
2025-04-01,27034.48,27307.55,28516.39
2025-04-02,26959.53,27231.84,28437.33
2025-04-03,27726.21,28006.27,29245.75
2025-04-04,27594.17,27872.9,29106.52
2025-04-05,27594.17,27872.9,29106.52
2025-04-06,27594.17,27872.9,29106.52
2025-04-07,27594.17,27872.9,29106.52
2025-04-08,27697.56,27977.34,29215.21
2025-04-09,27914.05,28196.01,29443.52
2025-04-10,27662.68,27942.1,29178.76
2025-04-11,28228.51,28513.64,29775.69
